{"cameraMode":{"drawMode":0,"name":"Shaded","section":"Shading Mode"},"sceneLighting":false,"audioPlay":false,"sceneViewState":{"m_AlwaysRefresh":false,"showFog":true,"showSkybox":false,"showFlares":true,"showImageEffects":true,"showParticleSystems":true,"showVisualEffectGraphs":true,"m_FxEnabled":true},"in2DMode":false,"pivot":{"x":0.3232000470161438,"y":0.19132637977600099,"z":-0.5624000430107117},"rotation":{"x":0.18924902379512788,"y":-0.7637560963630676,"z":0.25777196884155276,"w":0.5607317686080933},"size":0.18978343904018403,"orthographic":false}