{"cameraMode":{"drawMode":0,"name":"Shaded","section":"Shading Mode"},"sceneLighting":false,"audioPlay":false,"sceneViewState":{"m_AlwaysRefresh":false,"showFog":true,"showSkybox":false,"showFlares":true,"showImageEffects":true,"showParticleSystems":true,"showVisualEffectGraphs":true,"m_FxEnabled":true},"in2DMode":false,"pivot":{"x":0.248992919921875,"y":3.7250003814697267,"z":-0.692596435546875},"rotation":{"x":-0.003781428560614586,"y":-0.9921486973762512,"z":0.12114278972148895,"w":-0.030970115214586259},"size":4.01546049118042,"orthographic":true}