{"cameraMode":{"drawMode":0,"name":"Shaded","section":"Shading Mode"},"sceneLighting":false,"audioPlay":false,"sceneViewState":{"m_AlwaysRefresh":false,"showFog":true,"showSkybox":false,"showFlares":true,"showImageEffects":true,"showParticleSystems":true,"showVisualEffectGraphs":true,"m_FxEnabled":true},"in2DMode":false,"pivot":{"x":0.3232000470161438,"y":0.19132637977600099,"z":-0.5624000430107117},"rotation":{"x":0.05235948786139488,"y":-0.9271512031555176,"z":0.14154791831970216,"w":0.3429563045501709},"size":0.23256583511829377,"orthographic":true}